id;texto;rotulo;fonte
1;Salário Mínimo: R$ 950,00. Bolsa Presidiário: R$ 1.319.18. Me convence que o PT sabe governar;FALSO;AOS FATOS
2;Empresa contratada pelo TSE para apuração dos votos tem ligação com o PT;FALSO;AOS FATOS
3;O Aloizio Mercadante, ministro da Educação, mobilizou estados e municípios para que fosse incluído no plano estadual ou no plano municipal a ideologia de gênero. - Jair Bolsonaro (PSL);FALSO;AOS FATOS
4;Há um complô espalhando fake news descaradas e descontextualizadas a respeito de declaração sobre salário feminino contra mim. - Jair Bolsonaro (PSL);FALSO;AOS FATOS
5;Somente em 2017, mais de 800 milhões de toneladas de cargas foram movimentadas nos 37 portos brasileiros. - Jair Bolsonaro (PSL);VERDADE;AOS FATOS
6;Nunca vi o Lula pronunciar essa palavra fascista para se referir a ninguém. - Fernando Haddad (PT);FALSO;AOS FATOS
7;O Mourão, por exemplo, foi ele próprio torturador. - Fernando Haddad (PT);FALSO;AOS FATOS
8;O PSB, todos os seus governadores e o seu presidente manifestaram apoio. - Fernando Haddad (PT);FALSO;AOS FATOS
9;Bolsonaro Nunca aprovou um projeto de segurança em 28 anos. - Fernando Haddad (PT);VERDADE;AOS FATOS
10;Ele Lula não pode aparecer mais que 25% no horário eleitoral. - Fernando Haddad (PT);VERDADE;AOS FATOS
11;Se eu ganhar, eu acabo com esse negócio de creche comunitária. O Estado não tem obrigação de olhar os filhos dos outros. Isso é obrigação dos pais. - Jair Bolsonaro (PSL);FALSO;AOS FATOS
12;Cortei 13% de custeio da cidade de São Paulo. - Fernando Haddad (PT);FALSO;AOS FATOS
13;Tem uma tabela de frete hoje que o Supremo Tribunal Federal já declarou constitucional.;FALSO;AOS FATOS
14;O que nos separa da vitória são oito ou nove pontos para afastar esse fantasma. - Fernando Haddad (PT);FALSO;AOS FATOS
15;O Estado do Rio de Janeiro é o Estado que mais hospitais universitários federais tem. - Fernando Haddad (PT);VERDADE;AOS FATOS
16;Criamos 20 milhões de empregos em 12 anos. - Fernando Haddad (PT);VERDADE;AOS FATOS
17;O plano de governo de Haddad propõe criar mais estatais. - Jair Bolsonaro (PSL);FALSO;AOS FATOS
18;Eu não prego a violência, muito pelo contrário, eu prego a não violência. - Jair Bolsonaro (PSL);FALSO;AOS FATOS
19;No Brasil, você não pode falar em mais ricos, tá todo mundo sufocado. - Jair Bolsonaro (PSL);FALSO;AOS FATOS
20;Em nenhum momento ele General Mourão falou em acabar com o 13º salário. - Jair Bolsonaro (PSL);FALSO;AOS FATOS
21;Tem mais emprego nos Estados Unidos com o novo governo Trump. - Jair Bolsonaro (PSL);VERDADE;AOS FATOS
22;Fim dos tempos: Governo Federal distribui Kit Satânico em escolas públicas através do MEC;FALSO;AOS FATOS
23;Vaza áudio: Haddad e Manuela tramando contra Exército e Bolsonaro;FALSO;AOS FATOS
24;Livro de Haddad cita mandamentos de Lênin;FALSO;AOS FATOS
25;Homem com camisa escrito Lula Livre é preso com mais de 200kg de maconha;FALSO;AOS FATOS
26;O candidato dos pobres, chegando agora a tarde no aeroporto de Congonhas em SP, numa Ferrari que vale R$ 1.800.000.00.;FALSO;AOS FATOS
27;Encontro de Bolsonaro com o Bispo Edir Macedo gera polêmica, ao sugerir a troca da imagem da Padroeira no Brasil;FALSO;AOS FATOS
28;O PL 236/2012 torna a pedofilia um ato legal. O sexo com crianças a partir de 12 anos deixaria de ser crime.;FALSO;AOS FATOS
29;A Fundação Transparência Política Internacional apontou o deputado federal Jair Messias Bolsonaro como o político mais honesto do mundo.;FALSO;AOS FATOS
30;O Brasil é um dos países que mais utiliza agrotóxicos no mundo. - Fernando Haddad (PT);VERDADE;AOS FATOS
31;Meu adversário Jair Bolsonaro defende torturador até hoje. - Fernando Haddad (PT);VERDADE;AOS FATOS
32;Na última pesquisa, 69% dos cidadãos brasileiros se declararam plenamente a favor da democracia como melhor regime de governo. - Fernando Haddad (PT);VERDADE;AOS FATOS
33;Nem o Lula teve uma votação tão maciça no primeiro turno quanto eu tive. - Jair Bolsonaro (PSL);FALSO;AOS FATOS
34;Haddad criou o kit gay. Você quer que o seu filho aprenda essas práticas a partir de com seis anos nas escolas? - Jair Bolsonaro (PSL);FALSO;AOS FATOS
35;Há estudos que apontam que quase 40% dos estudantes no ensino superior são analfabetos funcionais. - Jair Bolsonaro (PSL);FALSO;AOS FATOS
36;Meu adversário Fernando Haddad falou que vai combater o encarceramento e soltar criminosos da cadeia. - Jair Bolsonaro (PSL);FALSO;AOS FATOS
37;Estamos chegando a 4 trilhões da dívida interna. - Jair Bolsonaro (PSL);VERDADE;AOS FATOS
38;Haddad deixa escapar e confessa que Lula será o verdadeiro presidente em caso de vitória;FALSO;AOS FATOS
39;Manoela D'Avila, Vice de Haddad garante: a bandeira LGBT tremulará junto com a brasileira, com a volta do PT;FALSO;AOS FATOS
40;Nunca alguém que fez oposição ao PT no Nordeste recebeu uma votação tão expressiva.;FALSO;AOS FATOS
41;A redução da maioridade penal que o povo quer e deseja.;VERDADE;AOS FATOS
42;Como uma seção tem 777 eleitores aptos e um candidato consegue 9.909 votos?;FALSO;AOS FATOS
43;É engraçado ver a mídia brasileira de Fake News tentando descreditar a candidatura de Jair Bolsonaro. ERRADO! O cara é o único candidato presidencial respeitoso da lei, honesto, decente e confiável que o Brasil já teve.;FALSO;AOS FATOS
44;Haddad diz que a eleição já acabou, agora pede dinheiro para os eleitores.;FALSO;AOS FATOS
45;Urna está programa para autocompletar voto em Fernando Haddad;FALSO;AOS FATOS
46;Não vá votar com camiseta amarela ou de outra cor qualquer que possa lhe identificar como bolsonariano, pois logo que você votar os mesários podem colocar o número 17 do lado da sua assinatura de quem votou no Bolsonaro e assim anular o voto.;FALSO;AOS FATOS
47;Vivemos numa época onde querem que os padres se casem e que os casados se divorciem. Querem que os héteros tenham relacionamentos líquidos sem compromisso, mas que os gays se casem na Igreja;FALSO;AOS FATOS
48;Jean Wyllys é o futuro ministro da Educação do governo Fernando Haddad do PT;FALSO;AOS FATOS
49;A bíblia é uma piada, quem crê nela é palhaço, e as igrejas são um circo. - Jean Wyllys;FALSO;AOS FATOS
50;Alunos protestam sem roupa contra o candidato Bolsonaro;FALSO;AOS FATOS
51;Ciro Gomes se declara inimigo da Igreja Católica.;FALSO;AOS FATOS
52;PF apreende van com 152 urnas eletrônicas, dessas 121 estavam preenchidas com votos para o Haddad;FALSO;AOS FATOS
53;Você tem que ver quem estava no movimento ele não. Artistas que há muito vêm mamando na Lei Rouanet. Você não tem quem está no #elenão que não esteja na Lei Rouanet.;FALSO;AOS FATOS
54;Quando descobriram que eu sou homofóbico? Descobriram em 2010. Um plano do governo de, ao combater a homofobia, segundo eles, as escolas do ensino fundamental, ou seja, criancinhas a partir de 6 anos de idade a assistirem filmes de meninos se beijando, de meninas se acariciando.;FALSO;AOS FATOS
55;O processo está sendo conduzido por um delegado que por dois anos foi o homem de confiança de Fernando Pimentel, governador de Minas Gerais.;FALSO;AOS FATOS
56;Até hoje o PT defende o regime de Maduro, como defendia o regime de Chávez.;VERDADE;AOS FATOS
57;Ele, José Dirceu, fala também em tirar poderes do Supremo Tribunal Federal.;VERDADE;AOS FATOS
58;O Cristianismo vai desaparecer. Vai diminuir e encolher. Nós, somos mais populares que Jesus neste momento - Manuela D’Ávila;FALSO;AOS FATOS
59;Em São Paulo, fizemos superávit de R$ 5,3 bilhões. - Geraldo Alckmin (PSDB);VERDADE;AOS FATOS
60;No nosso período, a dívida caiu pela metade. - Fernando Haddad (PT);FALSO;AOS FATOS
61;Não recebo auxílio moradia, não recebo verba indenizatória. - Alvaro Dias (Podemos);VERDADE;AOS FATOS
62;2 milhões de bolsas concedidas pelo Prouni. - Fernando Haddad (PT);VERDADE;AOS FATOS
63;Vai mais dinheiro para o Fies do que para a universidade pública. - Guilherme Boulos (PSOL);FALSO;AOS FATOS
64;Mais de 52 milhões de brasileiros abaixo da linha da pobreza. - Alvaro Dias (Podemos);VERDADE;AOS FATOS
65;Bolsonaro recebeu auxílio moradia tendo casa. - Guilherme Boulos (PSOL);VERDADE;AOS FATOS
66;A Dilma prometeu entregar 6 mil creches, entregou 80. - Henrique Meirelles (MDB);FALSO;AOS FATOS
67;Quem tem um carro paga IPVA, quem tem jatinho, helicóptero, não paga um real. - Guilherme Boulos (PSOL);VERDADE;AOS FATOS
68;As ações da Taurus aumentaram 180% em 60 dias. - Ciro Gomes (PDT);VERDADE;AOS FATOS
69;Bolsonaro Tem o seu vice dizendo que vai acabar com 13º e adicional de férias. - Ciro Gomes (PDT);VERDADE;AOS FATOS
70;Zerei o ICMS da farinha do trigo, do pão, do macarrão. - Geraldo Alckmin (PSDB);VERDADE;AOS FATOS
71;O Lula saiu com 86% de aprovação. - Fernando Haddad (PT);VERDADE;AOS FATOS
72;O Brasil tem hoje 760 mil pessoas presas. - Ciro Gomes (PDT);VERDADE;AOS FATOS
73;70% dos 760 mil presos são jovens, presos pela polícia com minúsculas quantidades de drogas. - Ciro Gomes (PDT);FALSO;AOS FATOS
74;Mulher grávida poder trabalhar em local insalubre depois da reforma trabalhista. - Marina Rede (Rede);VERDADE;AOS FATOS
75;Uma pessoa pobre ter que pagar para ter uma perícia técnica para poder entrar na Justiça. - Marina Silva (Rede);VERDADE;AOS FATOS
76;Enquanto isso, no governo FHC, a carga tributária aumentou de 26% para 32%. - Fernando Haddad (PT);VERDADE;AOS FATOS
77;Reduzimos o imposto do etanol, do carro, de 25% para 12%, o menor do país. - Geraldo Alckmin (PSDB);VERDADE;AOS FATOS
78;O PSDB está fora do governo federal há 16 anos. - Geraldo Alckmin (PSDB);FALSO;AOS FATOS
79;32 milhões de pessoas vivem de bico. - Ciro Gomes (PDT);VERDADE;AOS FATOS
80;Acumulamos quase 400 bilhões de dólares em reservas cambiais. - Fernando Haddad (PT);VERDADE;AOS FATOS
81;Eu fui ministro da educação, eu praticamente tripliquei o número de universitários no Brasil;FALSO;AOS FATOS
82;220 mil pontos de comércio fecharam no Brasil;VERDADE;AOS FATOS
83;O próprio Fernando Haddad, disse que vai chamar uma constituinte sem dizer quais são as bases dessa constituinte,;VERDADE;AOS FATOS
84;Governador Geraldo Alckmin, nós temos mais de 70 mil políticos no Brasil com mandatos.;VERDADE;AOS FATOS
85;Aliás, quero fazer aqui um reparo respeitoso ao Boulos: educação e saúde podem crescer na PEC acima da inflação.;VERDADE;AOS FATOS
86;Existem 14 milhões de famílias que dependem do Bolsa Família no Brasil.;VERDADE;AOS FATOS
87;Porque o Brasil tem nem sequer satélite de comunicação,;FALSO;AOS FATOS
88;O general Mourão propôs convocar um conselho de notáveis nomeado pelo Bolsonaro ou por ele, não se sabe, e, por fora do Congresso Nacional, que não teria nenhuma participação no processo, submeter uma carta redigida por esse conselho, por plebiscito ou referendo, à população.;VERDADE;AOS FATOS
89;Existem 52 milhões de pessoas abaixo da linha pobreza;VERDADE;AOS FATOS
90;No dia do evento, 6 de setembro, o outro criminoso tentou entrar na Câmara com a carteira de identidade do cara Adélio Bispo de Oliveira.;FALSO;AOS FATOS
91;O voto eletrônico É um sistema eleitoral que não existe em nenhum lugar do mundo.;FALSO;AOS FATOS
92;A senhora Dilma esteve em Quito em 2014, acertou com a Unasul. Onde descobriram que o voto eletrônico era o caminho do poder.;FALSO;AOS FATOS
93;Me ache um áudio, imagem minha que mulher tem que ganhar menos que homem. Não existe isso.;FALSO;AOS FATOS
94;Desde o Estatuto do Desarmamento, a criminalidade subiu.;FALSO;AOS FATOS
95;A própria ex-mulher na matéria da Veja desmente muita coisa.;FALSO;AOS FATOS
96;São Paulo cresceu no Ideb no primeiro ciclo, cresceu no segundo ciclo, perdeu no ensino médio. - Geraldo Alckmin (PSDB);VERDADE;AOS FATOS
97;O meu estado tem a menor mortalidade infantil do Brasil. - Ciro Gomes (PDT);FALSO;AOS FATOS
98;Quem tem um carro paga imposto, IPVA. Quem tem um jatinho ou um helicóptero não paga nada. - Guilherme Boulos (PSOL);VERDADE;AOS FATOS
99;Participei de governos que geraram em 12 anos 20 milhões de postos de trabalho. - Fernando Haddad (PT);VERDADE;AOS FATOS
100;Você Marina participou desse movimento pelo impeachment para colocar o Temer lá. - Fernando Haddad (PT);VERDADE;AOS FATOS
101;Temos mais de 400 milhões na extrema pobreza. - Cabo Daciolo (Patriota);FALSO;AOS FATOS
102;Aqueles que se aposentam mais cedo são aqueles que ganham mais. Aqueles que ganham menos têm que chegar aos 65 anos de idade para se aposentar. - Henrique Meirelles (MDB);VERDADE;AOS FATOS
103;Hoje, o maior desemprego é sobre elas as mulheres. - Marina Silva (Rede);VERDADE;AOS FATOS
104;Todas as pesquisas mostram que eu ganho do Haddad e ganho do Bolsonaro no segundo turno. - Ciro Gomes (PDT);VERDADE;AOS FATOS
105;Quando fui ministro da Educação, levei banda larga para todas as escolas urbanas. - Fernando Haddad (PT);FALSO;AOS FATOS
106;Fui expulso do PSDB porque apoiei a instalação de uma CPI para investigar a corrupção. - Alvaro Dias (Podemos);VERDADE;AOS FATOS
107;FHC aumentou de 26% para 32% do PIB a carga tributária. - Fernando Haddad (PT);VERDADE;AOS FATOS
108;Nós PT não aumentamos em 1% do PIB a carga tributária. - Fernando Haddad (PT);VERDADE;AOS FATOS
109;Um terço dos jovens estão no desemprego. - Geraldo Alckmin (PSDB);VERDADE;AOS FATOS
110;Não fechamos nenhuma escola. - Geraldo Alckmin (PSDB);FALSO;AOS FATOS
111;Entre todos os candidatos, somente Geraldo Alckmin apresentou propostas para combater a criminalidade que assola o país.;FALSO;AOS FATOS
112;Jair Bolsonaro que, em quase 30 anos de Congresso, nunca presidiu uma comissão.;VERDADE;AOS FATOS
113;Eu sou ficha limpa. - Ciro Gomes (PDT);VERDADE;AOS FATOS
114;Você quer seu filho cursando o ensino médio na pública e, ao mesmo tempo, aprendendo uma profissão? Passando o dia na escola fazendo três refeições e com estágio em empresa pago pelo governo? Isso já existe no Ceará. - Ciro Gomes (PDT);VERDADE;AOS FATOS
115;O Prouni que já beneficiou mais de dois milhões de estudantes de baixa renda - Fernando Haddad (PT);VERDADE;AOS FATOS
116;Criamos 20 milhões de emprego com carteira assinada. - Fernando Haddad (PT);FALSO;AOS FATOS
117;Criamos 10 milhões de empregos - Henrique Meireles (MDB);VERDADE;AOS FATOS
118;Foi governador do Paraná com mais de 90% de aprovação. - Álvaro Dias (PODEMOS);VERDADE;AOS FATOS
119;Reduzi o desmatamento em 80%.;FALSO;AOS FATOS
120;Hoje, na prática, já existe uma idade mínima. As pessoas pobres já se aposentam aos 65 anos.;VERDADE;AOS FATOS
121;Dobrei as reservas extrativistas.;VERDADE;AOS FATOS
122;Áudio gravado por enfermeira mostra Bolsonaro surtando após divulgação de pesquisa Ibope;FALSO;AOS FATOS
123;100% Absurdo! Olha a visão do candidato de LulaLadrão (Malddad), o cara que vocês irão votar a pedido do LulaLadrão, a mesma coisa de Dilma e Temer, ou talvez pior ainda!;FALSO;AOS FATOS
124;O nosso programa Dívida Zero, antes do registro do TSE, vazou para a Folha de S. Paulo, antes do Ciro sequer mencionar esse programa Nome Limpo.;FALSO;AOS FATOS
125;Foi recentemente arquivado um processo do José Serra dizendo: ó, tá prescrito porque é só caixa dois.;FALSO;AOS FATOS
126;Cinco bancos, inclusive dois públicos, eles concentram 80% do crédito.;VERDADE;AOS FATOS
127;Nós nunca atraímos tanto investimento estrangeiro no Brasil como na época dos governos do PT.;VERDADE;AOS FATOS
128;Nunca tive uma denúncia por corrupção, não tenho nenhum processo. - Henrique Meirelles (MDB);VERDADE;AOS FATOS
129;Nós tivemos 63 mil assassinatos no Brasil. - Geraldo Alckmin (PSDB);VERDADE;AOS FATOS
130;9 milhões de pessoas levadas para a linha abaixo da pobreza. - Geraldo Alckmin (PSDB);VERDADE;AOS FATOS
131;Mulheres receberem salários menores. - Marina Silva (Rede);VERDADE;AOS FATOS
132;Nesse momento, enquanto estamos aqui nesse debate, três pessoas vão morrer por causa da hepatite C. - Marina Silva (Rede);FALSO;AOS FATOS
133;Quando assumi, o PIB tinha caído mais de 5%. - Henrique Meirelles (MDB);VERDADE;AOS FATOS
134;Geramos 20 milhões de empregos. - Fernando Haddad (PT);VERDADE;AOS FATOS
135;São mais de 60 mil estupros. - Marina Silva (Rede);VERDADE;AOS FATOS
136;2 milhões de bolsas do Prouni concedidas a jovens de baixa renda. - Fernando Haddad (PT);VERDADE;AOS FATOS
137;O PT pediu dezenas de impeachments contra o presidente FHC. - Geraldo Alckmin (PSDB);FALSO;AOS FATOS
138;Quanto mais pobre você é, mais imposto você paga proporcionalmente à sua renda. - Ciro Gomes (PDT);VERDADE;AOS FATOS
139;Os governos passados Legaram a nós brasileiros 62 milhões abaixo da linha da pobreza - Alvaro Dias (Podemos);FALSO;AOS FATOS
140;O governo Dilma-Temer foi o que menos demarcou terras. - Marina Silva (Rede);VERDADE;AOS FATOS
141;O Ceará cobra 8% sobre as heranças grandes e São Paulo cobra 4%. - Ciro Gomes (PDT);VERDADE;AOS FATOS
142;A agricultura familiar responde por 80% da comida da nossa mesa. - Ciro Gomes (PDT);VERDADE;AOS FATOS
143;O Pronaf, a agricultura familiar, nunca recebeu tantos recursos como no governo Lula. - Fernando Haddad (PT);FALSO;AOS FATOS
144;Um milhão de pessoas se reúnem por Bolsonaro em Brasília! É de arrepiar! E ainda dizem que ele não vencerá no primeiro turno, mas é claro que eu não acredito!;FALSO;AOS FATOS
145;São Paulo não aumentou um imposto. - Fernando Haddad (PT);FALSO;AOS FATOS
146;No Brasil, de cada 100 alunos, só 59 se formam, 41 abandonam o ensino médio.;FALSO;AOS FATOS
147;Em São Paulo temos a menor evasão escolar do Brasil. - Fernando Haddad (PT);FALSO;AOS FATOS
148;São Paulo teve superávit no ano passado, de R$ 5,3 bilhões. - Fernando Haddad (PT);VERDADE;AOS FATOS
149;Muito poucos países têm essa coisa de inflation target, que se chama meta de inflação no Brasil.;FALSO;AOS FATOS
150;Eu fui ministro da Fazenda e eu peguei a inflação a 3% ao mês e entreguei com 0%.;FALSO;AOS FATOS
151;Do dia que a reforma trabalhista entrou em vigor, com a mentirosa promessa que ia ajudar a superar o desemprego, 980 mil novos desempregados foram produzidos no Brasil.;FALSO;AOS FATOS
152;Eu fui ministro da Fazenda e ao final desse período o país estava crescendo, com desemprego quase perto de 3%.;VERDADE;AOS FATOS
153;O Haddad já disse isso no mesmo minuto da posse, ele assina o indulto de Lula e no momento seguinte o nomeia Chefe da Casa Civil.;FALSO;AOS FATOS
154;O PT surgiu em 80, no período do que chamam ditadura militar.;VERDADE;AOS FATOS
155;A frase de maior força da argumentação de Rachel Dodge na ação contra o voto impresso era a de que a impressão do voto comprometia a segurança das eleições.;VERDADE;AOS FATOS
156;O número de roubos de veículos diminuiu 34%. - Geraldo Alckmin (PSDB);VERDADE;AOS FATOS
157;Reduzimos em 70% o número de homicídios.  - Geraldo Alckmin (PSDB);FALSO;AOS FATOS
158;Até o Bolsa Família está sendo cortado no governo Temer. - Fernando Haddad (PT);FALSO;AOS FATOS
159;Os integrantes do governo Temer Aumentaram a gasolina, o diesel. - Fernando Haddad (PT);VERDADE;AOS FATOS
160;Eu sou ficha limpa. - Ciro Gomes (PDT);VERDADE;AOS FATOS
161;Senador mais bem votado do Brasil. - Alvaro Dias (PODEMOS);VERDADE;AOS FATOS
162;Quando que a recessão começa? Depois da reeleição de Dilma Rousseff.;FALSO;AOS FATOS
163;Dilma afastou Renato Duque quando tomou posse, a partir de um rumor de que ele poderia estar envolvido em um esquema de propina.;FALSO;AOS FATOS
164;Meu plano de metas tinha 123 metas, eu cumpri a maioria delas.;VERDADE;AOS FATOS
165;Eu entreguei a prefeitura de SP com R$ 5,5 bilhões em caixa, com R$ 2,2 bilhões para pagar.;VERDADE;AOS FATOS
166;Uma foto com Gleisi Hoffmann foi encontrada em um dos celulares de Adélio Bispo de Oliveira, autor do atentado contra o Jair Messias Bolsonaro.;FALSO;AOS FATOS
167;Bastaram dois anos para que o Brasil voltasse ao Mapa da Fome.;FALSO;AOS FATOS
168;Foram 20 milhões de empregos em 12 anos.;VERDADE;AOS FATOS
169;Será que foi por Lula ter Duplicado as vagas públicas nas universidades federais.;VERDADE;AOS FATOS
170;Aproximadamente 25% dos professores que atuam na educação básica não possuem licenciatura específica para as disciplinas que lecionam. - Fernando Haddad (PT);FALSO;AOS FATOS
171;28% das pessoas entre 18 e 24 anos não estudavam nem trabalhavam em 2017, na faixa entre 25 e 29 anos, esse percentual era de 25%. - Ciro Gomes (PDT);VERDADE;AOS FATOS
172;Quase metade dos jovens de 14 a 29 anos não completou o ensino médio - Jair Bolsonaro (PSL);VERDADE;AOS FATOS
173;Atualmente, a oferta de creches para crianças de 0 a 3 anos é de 30%. - Marina Silva (Rede);VERDADE;AOS FATOS
174;Hoje, a maioria dos estudantes do ensino fundamental não atinge níveis de proficiência adequados. - Marina Silva (Rede);VERDADE;AOS FATOS
175;Fotos mostram homem que atacou Bolsonaro na companhia de Lula;FALSO;AOS FATOS
176;Quando eu fui presidente do Banco Central no governo Lula, criamos 10 milhões de empregos no Brasil em oito anos. - Henrique Meirelles (MDB);VERDADE;AOS FATOS
177;Sua fortuna, Meirelles, de quase R$ 400 milhões. - Guilherme Boulos (PSOL);VERDADE;AOS FATOS
178;Em 2016, chegamos a 542% na taxa do cartão de crédito, na taxa de juros do cartão de crédito. - Alvaro Dias (Podemos);FALSO;AOS FATOS
179;Enquanto em Portugal, é o Banco Central que define os juros, e lá 16% ao ano. - Alvaro Dias (Podemos);VERDADE;AOS FATOS
180;No Ceará, o número de homicídios dobrou nos últimos dez anos. - Marina Silva (Rede);VERDADE;AOS FATOS
181;Uma de cada três escolas de ensino médio do Ceará, que é muito pobre já é assim oferecem estágio remunerado. - Ciro Gomes (PDT);FALSO;AOS FATOS
182;A lei diz claramente que, ocupando a mesma posição e tendo exatamente as mesmas funções, homens e mulheres devem ganhar a mesma coisa. - Henrique Meirelles (MDB);VERDADE;AOS FATOS
183;Saímos do 25º Estado mais perigoso para o mais seguro do país. - Geraldo Alckmin (PSDB);VERDADE;AOS FATOS
184;Nosso país é o quinto em morte contra as mulheres. - Guilherme Boulos (PSOL);VERDADE;AOS FATOS
185;As mulheres negras são as mais agredidas. - Marina Silva (Rede);VERDADE;AOS FATOS
186;Em São Paulo, 90 mil presos trabalham e estudam. - Geraldo Alckmin (PSDB);FALSO;AOS FATOS
187;São 33 mil assassinatos por ano de jovens. - Marina Silva (Rede);VERDADE;AOS FATOS
188;Pela primeira vez na história brasileira um presidente da República é acusado, ele mesmo, pela PGR, por corrupção e formação de quadrilha. - Ciro Gomes (PDT);VERDADE;AOS FATOS
189;Geraldo Alckmin criou o programa Mulheres de Peito. - Geraldo Alckmin (PSDB);VERDADE;AOS FATOS
190;Cortaram o governo Temer o Bolsa Família. - Fernando Haddad (PT);FALSO;AOS FATOS
191;A ONU já decidiu que Lula pode ser candidato. Mesmo assim, o registro foi negado. - Fernando Haddad (PT);VERDADE;AOS FATOS
192;Nunca tive um processo na vida. - Henrique Meirelles (MDB);FALSO;AOS FATOS
193;Brasil, 2002. Os brasileiros sofrendo com uma grave crise econômica. - Henrique Meirelles (MDB);VERDADE;AOS FATOS
194;Eu pedi o impeachment da Dilma. - Alvaro Dias (Podemos);VERDADE;AOS FATOS
195;Eu pedi a cassação do Temer. - Alvaro Dias (Podemos);VERDADE;AOS FATOS
196;A dívida média de cada um com nome no SPC é de R$ 4.200. - Ciro Gomes (PDT);VERDADE;AOS FATOS
197;Polícia Federal descobriu esquema que planejava o assassinato de Jair Bolsonaro.;FALSO;AOS FATOS
198;Você sabe quem foi o meu ministro da Educação? É o Mendonça Filho, que é do DEM, um partido que apoia a sua candidatura. Vídeo de Michel Temer para Geraldo Alckmin;VERDADE;AOS FATOS
199;E o Ministério da Saúde está com o PP, um partido que apoia a sua candidatura, teve três ministérios, continua com três ministérios. Vídeo de Michel Temer para Geraldo Alckmin;VERDADE;AOS FATOS
200;Você sabe quem foi o ministro da Indústria e Comércio? Foi o Marcos Pereira, que é candidato a deputado federal do PRB, que apoia a sua candidatura. Estava no meu governo e continua no meu governo e agora é base de apoio da sua candidatura. Vídeo de Michel Temer para Geraldo Alckmin;VERDADE;AOS FATOS
201;Agora eu volto a falar com você para dizer como o PSDB me ajudou no governo e como foi base do governo. Vídeo de Michel Temer para Geraldo Alckmin;VERDADE;AOS FATOS
202;Eu nomeei o José Serra para o Ministério das Relações Exteriores. Vídeo de Michel Temer para Geraldo Alckmin;VERDADE;AOS FATOS
203;Mais tarde eu levei o PSDB para dentro do Palácio do Planalto por meio do nosso prezadíssimo Imbassahy. Vídeo de Michel Temer para Geraldo Alckmin;VERDADE;AOS FATOS
204;Só neste ano, foram criadas 448 mil vagas com carteiras assinadas. Vídeo de Michel Temer para Fernando Haddad;VERDADE;AOS FATOS
205;O estoque de capital de investimento em infraestrutura é de um número excessivamente baixo se comparado com 65% no Japão e 40% na Índia.;FALSO;AOS FATOS
206;Investimento nacional, que chegou ao seu ápice nesse século em 2013, representando 21% do PIB, para, em seguida, apresentar quedas constantes, atingindo patamares inferiores a 16%.;VERDADE;AOS FATOS
207;O segmento mais pobre da população, que atualmente corresponde a quase 15 milhões de pessoas, segundo pesquisa recente do IBGE.;VERDADE;AOS FATOS
208;Durante o governo de Juscelino Kubitschek crescemos em média 8% ao ano.;VERDADE;AOS FATOS
209;Não é verdade que houve críticas sobre a demora no licenciamento durante o tempo no Ministério do Meio Ambiente.;FALSO;AOS FATOS
210;Eu sou a única candidata que disse que apóia a Lava Jato.;FALSO;AOS FATOS
211;Desde 2010 que eu defendo que a gente tinha que transitar para um regime de capitalização e contribuições.;VERDADE;AOS FATOS
212;A UFMG fez um estudo que 80% das atividades domésticas são feitas por mulheres.;VERDADE;AOS FATOS
213;Desde que ele Temer entrou ele só aumenta o déficit público.;FALSO;AOS FATOS
214;São 30 homicídios por mil habitantes, segundo o Atlas da Violência de 2018.;FALSO;AOS FATOS
215;Mais da metade das pessoas abaixo da linha de pobreza é de mulheres sem cônjuge com filhos até 14 anos.;FALSO;AOS FATOS
216;Nosso baixo crescimento, de apenas 2.2% ao ano, em média, nos últimos 30 anos (1988-2017).;VERDADE;AOS FATOS
217;Plano Nacional de Promoção e Cidadania LGBT: são 180 itens, entre eles a desconstrução da heteronormatividade. Ou seja, estão ensinando, em algumas escolas, que homem e mulher tá errado.;FALSO;AOS FATOS
218;Eles tinham acabado o 9° Seminário LGBT infantil. Estavam discutindo ali, comemorando o lançamento do material para combater a homofobia, que passou a ser conhecido como kit gay. Entre esse material estava esse livro Aparelho Sexual e Cia..;FALSO;AOS FATOS
219;Você nunca ouviu isso. Eu nunca falei isso que empregaria mulheres com salário menor do que o dos homens.;FALSO;AOS FATOS
220;Eu fui o único a votar contra a PEC das Domésticas, em dois turnos.;FALSO;AOS FATOS
221;Sou o único candidato que tem a proposta tributária explícita no programa de governo.;FALSO;AOS FATOS
222;Réu, com certeza, ele Carlos Lupi não é.;FALSO;AOS FATOS
223;Uma de cada três escolas de ensino médio no Ceará é de ensino integral profissionalizante.;FALSO;AOS FATOS
224;Na Lava Jato No lado do PSDB, não há nenhum na cadeia. Nenhum deles foi preso.;VERDADE;AOS FATOS
225;Fui o governador mais popular do Brasil. O prefeito de capital mais popular do Brasil.;VERDADE;AOS FATOS
226;Nos últimos oito anos, o Brasil caiu 17 posições no Global Innovation Index.;FALSO;AOS FATOS
227;Em 2017, o país empregou 1,7 milhão de trabalhadores direta e indiretamente na geração de energias renováveis...;FALSO;AOS FATOS
228;Com destaque para 795 mil empregos na área de biocombustíveis.;VERDADE;AOS FATOS
229;Hoje o Brasil é o líder mundial no ranking em transtornos de ansiedade...;VERDADE;AOS FATOS
230;Em 2015, mais de 13,7 milhões de famílias recebiam o Bolsa Família, mas o governo golpista de Temer e PSDB têm ameaçado o programa. Em 2017, mais de 326 mil domicílios deixaram de receber o benefício.;FALSO;AOS FATOS
231;A Lei das Cotas aumentou em 286% a presença de estudantes negros nas universidades brasileiras.;FALSO;AOS FATOS
232;As matrículas na educação superior saltaram de 3,4 milhões em 2002 para 8,1 milhão em 2015.;VERDADE;AOS FATOS
233;22% da população paga por planos de saúde coletivos e individuais.;VERDADE;AOS FATOS
234;Em 2016, Apenas 2% de mortes violentas no Brasil estiveram associadas com ações policiais.;FALSO;AOS FATOS
235;De 2012 a 2016, o custo total da União com as dezoito empresas dependentes do governo federal foi de R$ 122,31 bilhões. O retorno, nesse mesmo período, foi de R$ 89,35 bilhões, 73% do total gasto.;FALSO;AOS FATOS
236;Está previsto pelo atual governo que, para 2019, o Brasil terá déficit primário de R$ 139 bilhões.;VERDADE;AOS FATOS
237;Em 2019, o valor das renúncias tributárias é de R$ 303,5 bilhões (19% da arrecadação).;VERDADE;AOS FATOS
238;Aprovamos tudo aqui em São Paulo. Não teve um projeto meu que não tenha sido aprovado pela Câmara.;FALSO;AOS FATOS
239;O PT nunca foi um partido com mais de 100 deputados.;VERDADE;AOS FATOS
240;O Lula tem muito orgulho de ter sido o presidente que pagou o FMI.;VERDADE;AOS FATOS
241;Se gasta muito pouco, levando-se em conta o que se gasta no ensino superior. Se gasta muito pouco no ensino básico. - Jair Bolsonaro (PSL);VERDADE;AOS FATOS
242;Um jovem chega ao 9° ano, termina o ensino básico, não sabe ler ou interpretar um texto. Só 30% sabem. Só 14% sabem fazer operações simples de matemática. - Marina Silva (Rede);VERDADE;AOS FATOS
243;O Brasil investe 6% do PIB em educação. Nos países da OCDE, é 5,6% do PIB - Geraldo Alckmin (PSDB);VERDADE;AOS FATOS
244;Propomos a modernização e aprimoramento do programa Bolsa Família e do Abono Salarial, com vantagens para os beneficiários. Vamos deixar claro: nossa meta é garantir, a cada brasileiro, uma renda igual ou superior ao que é atualmente pago pelo Bolsa Família.;FALSO;AOS FATOS
245;Os governos do PT Fizeram a economia crescer em média 4% ao ano.;FALSO;AOS FATOS
246;Governos do PT geraram 20 milhões de empregos no país.;VERDADE;AOS FATOS
247;O governo Temer deu um reajuste de salário mínimo abaixo da inflação.;VERDADE;AOS FATOS
248;É o mesmo presidente Lula que pagou o FMI.;VERDADE;AOS FATOS
249;As mulheres são maioria na pós-graduação.;VERDADE;AOS FATOS
250;Lula foi o presidente que mais criou universidades.;VERDADE;AOS FATOS
251;Se arma causasse uma explosão de mortes, os EUA seria o país mais violento no mundo.;FALSO;AOS FATOS
252;Quando essa proposta aí do senhor Michel Temer para a reforma da Previdência chegou, eu estava no Piauí, e lá nessa proposta inicial falava-se em 65 anos de idade mínima de aposentadoria, inclusive para o policial militar.;FALSO;AOS FATOS
253;Não é meu pensamento isso de que mulheres devem ganhar menos do que homens porque engravidam.;FALSO;AOS FATOS
254;Eu nunca fui homofóbico.;FALSO;AOS FATOS
255;O Brasil tem mais da metade do seu território demarcado, entre terra indígena, parque nacional, quilombola, proteção ambiental, etc, um monte de coisa.;FALSO;AOS FATOS
256;O Brasil investe 6% do PIB em educação. Nos países da OCDE é 5,6% do PIB.;VERDADE;AOS FATOS
257;O Itamaraty denuncia a ditadura na Venezuela.;VERDADE;AOS FATOS
258;Temos um efetivo de 11 mil policiais federais. Metade está carimbando papel.;FALSO;AOS FATOS
259;O salário mínimo com o Lula subiu de US$ 76 a poder de compra para US$ 320 quando a Dilma tomou posse.;FALSO;AOS FATOS
260;93% dos trabalhadores não têm sindicalização.;VERDADE;AOS FATOS
261;Veja por exemplo os meus gastos deste ano, de tudo, passagem, gabinete, tudo. A única coisa que eu uso do gabinete é a cota de passagem.;FALSO;AOS FATOS
262;Não moro em apartamento funcional, não uso auxílio-moradia.;VERDADE;AOS FATOS
263;Ele Joel Malucelli não está sendo investigado, a empresa está sendo investigada.;VERDADE;AOS FATOS
264;Eu nunca ataquei banqueiros.;FALSO;AOS FATOS
265;Os portugueses nem pisavam na África na época da escravidão.;FALSO;AOS FATOS
266;Eu tenho uns 500 projetos apresentados.;FALSO;AOS FATOS
267;Eu nunca disse isso que queria ser vice do Aécio.;FALSO;AOS FATOS
268;O Trump resgatou o emprego.;FALSO;AOS FATOS
269;O Trump diminuiu a carga tributária.;VERDADE;AOS FATOS
270;Ciro Gomes foi parlamentar por quatro anos e, além de não aprovar nada, ele apresentou zero projetos.;VERDADE;AOS FATOS
271;Alberto Youssef também disse em delação premiada em juízo que eu fui um dos três deputados federais do PP que não foi buscar dinheiro na Petrobras Ana Amélia, Jair Bolsonaro e Paulo Maluf.;VERDADE;AOS FATOS
272;Imposto sobre herança, o máximo no Brasil é 8%. Nos Estados Unidos, é 40%.;VERDADE;AOS FATOS
273;Quem tem carro pagou IPVA no começo do ano. Quem tem jatinho, helicóptero e iate não paga um real de imposto.;VERDADE;AOS FATOS
274;O governo federal não corrige a tabela do SUS há mais de 10 anos.;FALSO;AOS FATOS
275;Se você pegar o orçamento da educação federal, apenas 30% é para educação básica.;VERDADE;AOS FATOS
276;O Brasil tem mais de 16 mil sindicatos. E, aliás, uma outra coisa estranha. Dos 16 mil, 11,5 mil mais ou menos são sindicatos de trabalhadores. E mais de 5.000 patronais;VERDADE;AOS FATOS
277;Dívida pública bruta do governo geral é 76% do PIB.;VERDADE;AOS FATOS
278;Ele Geraldo Alckmin perde em casa São Paulo para mim em toda pesquisa de opinião.;FALSO;AOS FATOS
279;Ao longo dos anos praticamente fui recordista de representações para cassar meu mandato (de deputado federal), pelos mesmos partidos e pelos mesmos parlamentares.;VERDADE;AOS FATOS
280;Temos 30% de mães solteiras no Brasil.;VERDADE;AOS FATOS
281;A emenda constitucional 81, que relativizou a propriedade privada.;FALSO;AOS FATOS
282;Em 1980, um terço da riqueza brasileira vinha da indústria de transformação. Hoje, apenas 11%.;FALSO;AOS FATOS
283;Sabem quantos brasileiros, meus irmãos e minhas irmãs, estão hoje sofrendo a humilhação de terem seus nomes sujos no SPC e Serasa? 63 milhões de brasileiros.;VERDADE;AOS FATOS
284;Essa falta de oportunidade já empurrou outros 32 milhões de brasileiros, homens e mulheres de carne e osso, para a informalidade.;VERDADE;AOS FATOS
285;Me prenderam com uma condenação sem provas, em uma sentença que me envia para a prisão por atos indeterminados.;FALSO;AOS FATOS
286;O desemprego aumenta.;FALSO;AOS FATOS
287;A pobreza cresce.;VERDADE;AOS FATOS
288;A vacinação de crianças cai.;VERDADE;AOS FATOS
289;Paraguai está crescendo quase 7% ao ano.;FALSO;AOS FATOS
290;Nas últimas provas do Pisa, 70% da garotada nossa não sabe uma regra de três simples.;VERDADE;AOS FATOS
291;Eu não tenho nenhuma empresa, não sou sócio de ninguém.;FALSO;AOS FATOS
292;O Brasil tem mais de 14 milhões de cirurgias eletivas pendentes.;FALSO;AOS FATOS
293;O Brasil teve 62.500 homicídios em 12 meses.;VERDADE;AOS FATOS
294;O Brasil é o campeão de homofobia.;FALSO;AOS FATOS
295;70% das crianças não têm acesso às creches.;VERDADE;AOS FATOS
296;50% das mulheres que são mães de um filho de até um ano não consegue voltar para o mercado de trabalho.;VERDADE;AOS FATOS
297;No Brasil inteiro, o ICMS do álcool é 18% ou 25%.;FALSO;AOS FATOS
298;O ICMS sobre o álcool em São Paulo é 12%. É o menor imposto do Brasil.;VERDADE;AOS FATOS
299;Nós fizemos no ano passado um superávit de R$ 5,3 bilhões.;VERDADE;AOS FATOS
300;Saímos de 13 mil assassinatos por ano em 2001 para, no ano passado, 3.503. 8,02 por 100 mil habitantes ano.;VERDADE;AOS FATOS
301;O crescimento no final do ano sobre o início do ano foi de 2,1%. Portanto, mais ou menos no ritmo previsto.;VERDADE;AOS FATOS
302;O efetivo da polícia é muito menor do que o necessário.;VERDADE;AOS FATOS
303;Os 20% de menor renda da população não tem condição de completar 35 anos de contribuição com carteira assinada. Essas pessoas de menor renda em sua grande maioria já se aposentam com 65 anos, que é a aposentadoria por idade para homem na Constituição atual.;VERDADE;AOS FATOS
304;As refinarias da Petrobras estão operando com 70% da sua capacidade...;VERDADE;AOS FATOS
305;Voltamos a velha lógica colonial de exportar petróleo cru e importar derivado.;FALSO;AOS FATOS
306;A ao mesmo tempo em que nós temos 7,9 milhões de imóveis abandonados.;FALSO;AOS FATOS
307;Comigo, o programa será mantido. Vou deixar isso claro em um programa de governo. Quero combater essa fake news de que vou acabar com o programa.;FALSO;AOS FATOS
308;O Fundo Monetário Internacional frisou que, de 90 países, 50 deles adotam uma política de teto de gastos porque é necessário o controle dos gastos públicos.;VERDADE;AOS FATOS
309;Nós tivemos um referendo em que 63% da população optou por revogar o artigo 35, que diz respeito à venda de armas.;VERDADE;AOS FATOS
310;A indústria brasileira já respondeu a 27% das gerações de empregos, os manufaturados. Hoje, próximo de 10%.;FALSO;AOS FATOS
311;Temos 60.000 homicídios por ano.;VERDADE;AOS FATOS
312;12 milhões que já desistiram de procurar emprego.;FALSO;AOS FATOS
313;Ter tido 19 milhões de votos em 2010. ter tido 22 milhões de votos em 2014.;VERDADE;AOS FATOS
314;Em 2010, eu já propus isso: nós não podemos gastar mais do que aquilo que arrecadamos e o nosso compromisso é gastar apenas a metade do que cresceu o PIB.;VERDADE;AOS FATOS
315;Hoje nós temos oito pessoas trabalhando para cada dois aposentados. Daqui a bem pouco tempo, nós vamos ter duas pessoas para oito aposentados. Isso é insustentável, quando chegarmos acho que em torno de 2060.;FALSO;AOS FATOS
316;Os que não têm prerrogativa de foro estão sendo condenados, e os que têm, não.;VERDADE;AOS FATOS
317;Eu sou a favor do controle do gasto público. Desde 2010 eu propunha gastar metade do crescimento do PIB.;VERDADE;AOS FATOS
318;Eu não tinha R$ 2 milhões para dar para a campanha em 2014.;VERDADE;AOS FATOS
319;O problema é uma reforma da Previdência draconiana como o Temer tentou fazer. Você dizer que uma pessoa vai ter que passar 49 anos para poder receber a aposentadoria integral, 25 anos contribuindo para poder se aposentar por tempo de serviço não é razoável.;FALSO;AOS FATOS
320;Os governos do PT acabaram com o curso técnico no ensino médio. – Jair Bolsonaro (PSL), em entrevista à rádio Jovem Pan.;FALSO;AGÊNCIA PÚBLICA
321;Eu levei universidades federais para 126 cidades brasileiras. – Fernando Haddad (PT), em entrevista ao SBT.;FALSO;AGÊNCIA PÚBLICA
322;Você vai tomar uma tabuada de uma criança de 9 anos de idade, 70% não sabe. Quem disse isso são as provas, como o Pisa Programa Internacional de Avaliação de Estudantes. – Jair Bolsonaro (PSL).;FALSO;AGÊNCIA PÚBLICA
323;Paraná Pesquisas registrado no TSE: o mito Bolsonaro vence em todos os estados, porque o povo quer renovação! – Mensagem que circula no WhatsApp.;FALSO;AGÊNCIA PÚBLICA
324;Um policial hoje precisa esperar o bandido atirar para reagir. – Jair Bolsonaro (PSL), em entrevista ao SBT.;FALSO;AGÊNCIA PÚBLICA
325;Há 22 processos na Justiça de São Paulo contra o candidato do PT, Fernando Nami Haddad, tramitando no Foro Central – Fazenda Pública. – Corrente sobre o presidenciável Fernando Haddad (PT), que circula no WhatsApp.;FALSO;AGÊNCIA PÚBLICA
326;Tracking BTG que acabou de sair para o mercado financeiro: Bolsonaro, 52% Haddad, 48%. P.S.: Votos válidos. – Corrente sobre a disputa presidencial que circula pelo WhatsApp.;FALSO;AGÊNCIA PÚBLICA
327;Você sabe que o Maluf aqui em São Paulo quase ganhou duas eleições com mais de 45% dos votos no 1º turno, depois perdeu no 2º turno - Fernando Haddad.;FALSO;AGÊNCIA PÚBLICA
328;Hoje a classificação do Brasil é superior à da época de Fernando Henrique Cardoso - Fernando Haddad.;VERDADE;AGÊNCIA PÚBLICA
329;O Brasil priorizou seu comércio com viés ideológico no governo PT. Priorizou o Mercosul. - Jair Bolsonaro (PSL);FALSO;AGÊNCIA PÚBLICA
330;Tem aí uma questão de metodologia do IBGE, sobre o número de desempregados. Quem não procura emprego, é tido como empregado. Quem no ano passado trabalhou dois, três dias, é tido como empregado. Quem recebe o auxílio-desemprego é tido como empregado. - Jair Bolsonaro (PSL);FALSO;AGÊNCIA PÚBLICA
331;Que tal estimular relação sexual entre pai e filha? Espanto? Esta é a leitura que foi disponibilizada pelo ministro de Educação Fernando Haddad enquanto esteve à frente deste ministério. O governo comprou e distribuiu para escolas e entre criancinhas um livro em que o pai castiga a filha por ‘não querer ser dele’. Você pensa que já tinha visto de tudo? Engana-se!!!.;FALSO;AGÊNCIA PÚBLICA
332;Fernando Haddad é réu por improbidade em ação que apura prejuízo milionário em construção de ciclovias.;VERDADE;AGÊNCIA PÚBLICA
333;Fernando Haddad é acusado de enriquecimento ilícito por caixa 2 em esquema com empreiteiras.;VERDADE;AGÊNCIA PÚBLICA
334;Fernando Haddad é acusado de improbidade em ação que investiga desvio de R$ 130 milhões do Teatro Municipal.;VERDADE;AGÊNCIA PÚBLICA
335;Fernando Haddad deixou 340 mil pessoas sem atendimento médico em São Paulo.;FALSO;AGÊNCIA PÚBLICA
336;Fernando Haddad deixou a prefeitura de São Paulo avaliado como um dos piores prefeitos da história.;VERDADE;AGÊNCIA PÚBLICA
337;Fernando Haddad deixou um rombo de R$ 7,5 bilhões em São Paulo.;FALSO;AGÊNCIA PÚBLICA
338;Ex-ministro da Educação, hoje mais de 70% dos estudantes têm desempenho insuficiente em português e matemática.;FALSO;AGÊNCIA PÚBLICA
339;Ele, Bolsonaro contratou ilegalmente a esposa atual no seu gabinete.;FALSO;AGÊNCIA PÚBLICA
340;Bolsonaro triplicou o salário de Michelle, sua esposa.;VERDADE;AGÊNCIA PÚBLICA
341;Bolsonaro contratou uma funcionária fantasma com a verba do seu gabinete. Ela vende açaí em Angra dos Reis, onde ele tem uma mansão.;VERDADE;AGÊNCIA PÚBLICA
342;Bolsonaro ocultou patrimônio pessoal da Justiça Eleitoral em 2006.;VERDADE;AGÊNCIA PÚBLICA
343;Bolsonaro é acusado de sonegação de impostos.;FALSO;AGÊNCIA PÚBLICA
344;Bolsonaro é acusado de enriquecimento ilícito através da máquina pública.;FALSO;AGÊNCIA PÚBLICA
345;Bolsonaro está apontado em suspeita de lavagem de dinheiro.;FALSO;AGÊNCIA PÚBLICA
346;Bolsonaro envolvido em caixa 2 de campanha.;FALSO;AGÊNCIA PÚBLICA
347;Há países tão desiguais como o nosso que não têm uma violência tão grande. – Fernando Haddad;VERDADE;AGÊNCIA PÚBLICA
348;Propostas do plano de governo PT, algumas apenas: desmilitarização das polícias, militares obviamente. Outro item: revogação da Lei de Anistia. – Jair Bolsonaro (PSL);FALSO;AGÊNCIA PÚBLICA
349;Haddad sobe e vence Bolsonaro no 2º turno, via Instagram. – Fernando Haddad (PT);FALSO;AGÊNCIA PÚBLICA
350;Haddad: Qual é a pessoa que hoje está na vida pública e não está investigada? Bonner: Jair Bolsonaro, do PSL.;FALSO;AGÊNCIA PÚBLICA
351;Quem paga mais imposto no Brasil, proporcionalmente, é o pobre. – Fernando Haddad (PT);FALSO;AGÊNCIA PÚBLICA
352;Jair Bolsonaro está muito perto de vencer eleição no primeiro turno no Brasil afirma agência americana que previu com exatidão a vitória de Trump nos EUA.;FALSO;AGÊNCIA PÚBLICA
353;Como ministro da Educação, eu nunca tive um voto contrário do PSDB. – Fernando Haddad (PT).;FALSO;AGÊNCIA PÚBLICA
354;Nos Estados Unidos, o número de mortes por 100 mil habitantes é na ordem de cinco vezes menos do que aqui. - Jair Bolsonaro (PSL);VERDADE;AGÊNCIA PÚBLICA
355;Ninguém tem qualquer comprovação que esse pessoal, esses 12 mil médicos do programa Mais Médicos, aproximadamente, têm qualquer conhecimento de medicina. - Jair Bolsonaro (PSL);FALSO;AGÊNCIA PÚBLICA
356;Nós não temos pesquisa no Brasil, é coisa rara. - Jair Bolsonaro (PSL);FALSO;AGÊNCIA PÚBLICA
357;O Ibama leva dez anos para conceder uma licença para uma pequena central hidrelétrica. - Jair Bolsonaro (PSL);VERDADE;AGÊNCIA PÚBLICA
358;O Brasil gasta anualmente um Plano Marshall (que reconstruiu a Europa após a Segunda Guerra Mundial) com o pagamento de juros. - Jair Bolsonaro (PSL);VERDADE;AGÊNCIA PÚBLICA
359;De 193 países no mundo, apenas 3 usam urnas eletrônicas: Brasil, Cuba e Venezuela. - Jair Bolsonaro (PSL);FALSO;AGÊNCIA PÚBLICA
360;Em Roraima, com a chegada de refugiados venezuelanos, a violência multiplicou-se por quatro.  - Jair Bolsonaro (PSL);FALSO;AGÊNCIA PÚBLICA
361;A questão de saúde bucal é responsável por 30% dos partos prematuros. - Jair Bolsonaro (PSL);FALSO;AGÊNCIA PÚBLICA
362;Hoje em dia nós temos o pior índice de educação do Brasil. Na penúltima prova do Pisa no Brasil nós ficamos nos últimos lugares entre 64 países. - Jair Bolsonaro (PSL);FALSO;AGÊNCIA PÚBLICA
363;Hoje em dia, praticamente metade do que se arrecada é para juros e rolagem de dívida. - Jair Bolsonaro (PSL);FALSO;AGÊNCIA PÚBLICA
364;Apesar de Roraima ser um estado riquíssimo nas suas riquezas minerais, biodiversidade e terras agricultáveis, é um estado que nada produz, dada a questão indigenista e ambiental. - Jair Bolsonaro (PSL);FALSO;AGÊNCIA PÚBLICA
365;93% do Orçamento hoje é comprometido com despesas obrigatórias. - Jair Bolsonaro (PSL);VERDADE;AGÊNCIA PÚBLICA
366;Você não pode ter uma hidrelétrica em Roraima para produzir energia para o estado. - Jair Bolsonaro (PSL);FALSO;AGÊNCIA PÚBLICA
367;Não é estranho os observadores do processo eleitoral da OEA se reunirem com os Membros do PT liderados por Haddad?;FALSO;AGÊNCIA LUPA
368;Trump mostra camiseta pró-Bolsonaro;FALSO;AGÊNCIA LUPA
369;Eu, Paulo Roberto Duarte Pereira, apertei no 17, Bolsonaro, está aparecendo ‘nulo’ aqui. Vocês estão falsificando as urnas.;FALSO;AGÊNCIA LUPA
370;Adiar o horário de verão foi uma jogada dos picaretas as urnas estão programadas para o horário de (sic) verão. Sendo assim todos os votos computados antes das 9 e após as 16 hrs se perderão;FALSO;AGÊNCIA LUPA
371;Haddad ladrão rouba a foto do carnaval de Salvador e chama de foto da virada!;FALSO;AGÊNCIA LUPA
372;Datafolha computou para Haddad voto declarado em Bolsonaro;FALSO;AGÊNCIA LUPA
373;Despedida do horário eleitoral do Bolsonaro, onde foi autorizado pela Viviane Senna à usar o Tema da Vitória no piano.;FALSO;AGÊNCIA LUPA
374;Capa da Veja, Eu chegando ao poder acabarei com tudo o que o PT fez - Jair Bolsonaro (PSL);FALSO;AGÊNCIA LUPA
375;Essa é a jornalista Patrícia Campos Mello, que fez matéria contra Bolsonaro na Folha. Petista de carteirinha;FALSO;AGÊNCIA LUPA
376;Acabou de dar agora na Odisseia FM 104.9 que a Brigada Militar de Serafina Corrêa aprendeu 4 urnas eletrônicas, dessas 3 urnas estavam preenchida com voto para o Haddad com pelo menos 81%;FALSO;AGÊNCIA LUPA
377;Haddad: ‘Parabéns Maduro! Estamos juntos;FALSO;AGÊNCIA LUPA
378;Kakay Um dos quatro advogados de Adélio Bispo ao lado de Haddad;FALSO;AGÊNCIA LUPA
379;Ontem 21 de outubro, ele Bolsonaro fez um vídeo muito grave dizendo que os adversários não terão lugar no Brasil, ou a cadeia ou o exílio;VERDADE;AGÊNCIA LUPA
380;O meu patrimônio é muito inferior ao dele Bolsonaro, diga-se de passagem;VERDADE;AGÊNCIA LUPA
381;Bolsonaro falou que nordestinos deviam comer capim;FALSO;AGÊNCIA LUPA
382;Em 2016, eu dei uma entrevista dizendo que havia uma ameaça de extrema-direita no Brasil, sem saber quem seria o candidato - Fernando Haddad (PT);VERDADE;AGÊNCIA LUPA
383;Ministros de FHC estão me apoiando - Fernando Haddad (PT);VERDADE;AGÊNCIA LUPA
384;Nós praticamente triplicamos o número de universitários no Brasil no meu período como ministro da Educação - Fernando Haddad (PT);FALSO;AGÊNCIA LUPA
385;O governo Temer dobrou o preço do gás de cozinha - Fernando Haddad (PT);FALSO;AGÊNCIA LUPA
386;Com o Programa Mais Médicos 60 milhões de brasileiros que não tinham atendimento médico passaram a ter. Fernando Haddad;VERDADE;AGÊNCIA LUPA
387;Tendo apenas 20 dias de campanha, atingi 29% dos votos, mais de 30 milhões de votos - Fernando Haddad (PT);VERDADE;AGÊNCIA LUPA
388;Nosso plano de governo Prevê isenção de imposto de renda para quem ganha até cinco salários mínimos, proposta defendida por nós desde janeiro de 2018 - Fernando Haddad (PT);VERDADE;AGÊNCIA LUPA
389;Vocês PSDB indicaram quatro ministros do governo Temer. Ainda agora tem um remanescente - Fernando Haddad (PT);VERDADE;AGÊNCIA LUPA
390;A Constituição Federal tem mais de 100 emendas constitucionais - Fernando Haddad (PT);VERDADE;AGÊNCIA LUPA
391;Teto de gastos foi aprovado com apoio do PSDB - Fernando Haddad (PT);VERDADE;AGÊNCIA LUPA
392;Você Marina Silva participou desse movimento para o impeachment de Dilma Rousseff - Fernando Haddad (PT);VERDADE;AGÊNCIA LUPA
393;Bispos católicos do Brasil se manifestaram textualmente contra a Reforma Trabalhista - Fernando Haddad (PT);VERDADE;AGÊNCIA LUPA
394;Não existe nenhum lugar do mundo que tenha aplicado essa medida teto de gastos - Fernando Haddad (PT);FALSO;AGÊNCIA LUPA
395;Cinco bancos, inclusive dois públicos, concentram mais de 80% do crédito - Fernando Haddad (PT);VERDADE;AGÊNCIA LUPA
396;A população queria elegê-lo Lula no primeiro turno. Não é no segundo. É no primeiro turno - Fernando Haddad (PT);FALSO;AGÊNCIA LUPA
397;Provavelmente, vai ter uma reforma partidária no ano que vem em função do fim da cláusula de barreira - Fernando Haddad (PT);FALSO;AGÊNCIA LUPA
398;Haddad propôs mandato limitado para a Suprema Corte de 12, de 15 anos como alguns países têm;VERDADE;AGÊNCIA LUPA
399;Só tem dois brasileiros que ficaram mais tempo do que eu no Ministério da Educação - Fernando Haddad (PT);VERDADE;AGÊNCIA LUPA
400;Lula Herdou 32% de carga tributária de FHC e entregou a Dilma com 32,5% - Fernando Haddad (PT);VERDADE;AGÊNCIA LUPA
401;Em 2016 o PSDB era de santos, o PMDB era de santos, o PP era de santos - Fernando Haddad (PT);FALSO;AGÊNCIA LUPA
402;Na época das eleições de 2016, o PT estava sozinho, na berlinda, enquanto todas as delações relativas ao PSDB, PP, PMDB estavam represadas - Fernando Haddad (PT);FALSO;AGÊNCIA LUPA
403;O PT, em 2016, perdeu 60% dos votos no país - Fernando Haddad (PT);VERDADE;AGÊNCIA LUPA
404;Ao estourar a âncora cambial, FHC Provocou um rombo nas contas externas monumental - Fernando Haddad (PT);VERDADE;AGÊNCIA LUPA
405;Nós estamos com mais de 90% de cobertura escolar na faixa etária de 4 a 5 anos - Fernando Haddad (PT);VERDADE;AGÊNCIA LUPA
406;Mais de 50% dos eleitores votariam ‘Lula’ no segundo turno em qualquer cenário, contra qualquer adversário - Fernando Haddad (PT);FALSO;AGÊNCIA LUPA
407;O Piauí ficou em segundo lugar no ranking de eficiência nos gastos no quesito segurança pública - Fernando Haddad ;VERDADE;AGÊNCIA LUPA
408;Só o Haddad teve 9909 votos em uma seção com 777 eleitores. Como assim?;FALSO;AGÊNCIA LUPA
409;A Hidrelétrica de Tumarín, Nicarágua, foi bancada pelo BNDES. Custo: US$ 1,1 bilhão;FALSO;AGÊNCIA LUPA
410;Citation Sovereign. Um dos jatos mais luxuosos do momento. Fretado para atender o candidato dos pobres (Fernando Haddad);VERDADE;AGÊNCIA LUPA
411;Livro de Haddad defende sexo entre pais e filhos;FALSO;AGÊNCIA LUPA
412;Olha o eleitor do Bolsonaro que foi xingar o Haddad na Missa. Na verdade, é um petista passando por eleitor do Bolsonaro;FALSO;AGÊNCIA LUPA
413;José Sérgio Gabrielli encomendou reportagem à Folha de S.Paulo;FALSO;AGÊNCIA LUPA
414;Urnas estavam preenchidas com voto para o Haddad com pelo menos 81%;FALSO;AGÊNCIA LUPA
415;Quadrilha tenta sacar cheque de R$ 68 milhões para Haddad na Bahia;FALSO;AGÊNCIA LUPA
416;Carlos Vereza afirma: ‘O PT não é um partido. É uma organização criminosa. Aparelharam os poderes do país. Aparelharam os poderes do país’;VERDADE;AGÊNCIA LUPA
417;Eu, dentro do hospital, baixado, de cama, cresci muito mais do que ele Haddad nas ruas;FALSO;AGÊNCIA LUPA
418;Ele Haddad e sua coligação tiveram mais de R$ 500 milhões para a campanha;FALSO;AGÊNCIA LUPA
419;Para nós, coube apenas R$ 3 milhões, e eu não usei a parte desse fundo partidário - Jair Bolsonaro (PSL);VERDADE;AGÊNCIA LUPA
420;A Inglaterra, há 20 e poucos anos atrás, diminuiu a sua carga tributária - Jair Bolsonaro (PSL);FALSO;AGÊNCIA LUPA
421;A Assembleia Legislativa do Ceará me concedeu um título de Cidadão Cearense - Fernando Haddad (PT);VERDADE;AGÊNCIA LUPA
422;Foto de Dilma e Fidel em Cuba;FALSO;AGÊNCIA LUPA
423;O Brasil tem 22 hidrelétricas, das quais 20 foram construídas durante o regime militar;FALSO;AGÊNCIA LUPA
424;O outro lado que está disputando comigo Haddad diz, em seu próprio plano de governo, diz que vai exercer controle social da mídia;FALSO;AGÊNCIA LUPA
425;O plano de governo de Haddad propõe Criar mais estatais;FALSO;AGÊNCIA LUPA
426;Eles PT tentaram também censurá-la a internet, via Marco Civil da internet;FALSO;AGÊNCIA LUPA
427;Não temos qualquer comprovação de que são médicos os cubanos que fazem parte do programa Mais Médicos;FALSO;AGÊNCIA LUPA
428;No referendo de 2005, o povo decidiu que quer ter o direito de comprar armas e munições;VERDADE;AGÊNCIA LUPA
429;Trabalharemos pela Redução da nossa maioridade penal, que é o povo quer e deseja - Jair Bolsonaro (PSL);VERDADE;AGÊNCIA LUPA
430;O voto eletrônico É um sistema eleitoral que não existe em nenhum lugar do mundo - Jair Bolsonaro (PSL);FALSO;AGÊNCIA LUPA
431;Me achem um áudio, uma imagem minha dizendo que mulher tem que ganhar menos do que homem. Não existe - Jair Bolsonaro (PSL);FALSO;AGÊNCIA LUPA
432;No referendo de 2005, o Brasil foi desarmado;FALSO;AGÊNCIA LUPA
433;Bolsonaro propôs cortar o 13º salário;FALSO;AGÊNCIA LUPA
434;Eu, praticamente, tripliquei o número de universitários no Brasil - Fernando Haddad (PT);FALSO;AGÊNCIA LUPA
435;Não existe nenhum lugar do mundo que tenha aplicado essa medida teto de gastos - Fernando Haddad (PT);FALSO;AGÊNCIA LUPA
436;Mourão também propõe confisco da poupança;FALSO;AGÊNCIA LUPA
437;Fernando Haddad Sequer conseguiu passar para o 2º turno em São Paulo;VERDADE;AGÊNCIA LUPA
438;Ele mesmo Palocci diz: ‘nas últimas campanhas, Dilma Rousseff gastou em torno de R$ 1,5 bilhão;VERDADE;AGÊNCIA LUPA
439;Eu não estou coligado com ninguém - Jair Bolsonaro (PSL);FALSO;AGÊNCIA LUPA
440;Tem uma passagem falsa dele Adélio Bispo de Oliveira, agressor de Bolsonaro pela Câmara dos Deputados no dia 6 de setembro;FALSO;AGÊNCIA LUPA
441;No governo do PT, umas 50 empresas estatais foram criadas - Jair Bolsonaro (PSL);VERDADE;AGÊNCIA LUPA
442;Temos até a estatal do trem-bala - Jair Bolsonaro (PSL);VERDADE;AGÊNCIA LUPA
443;Quem criou a CPMF foi o Fernando Henrique Cardoso - Jair Bolsonaro (PSL);VERDADE;AGÊNCIA LUPA
444;O próprio José Dirceu acabou de declarar que ganhar eleição é uma coisa, assumir o poder é outra - Jair Bolsonaro (PSL);VERDADE;AGÊNCIA LUPA
445;Ao completar 5 anos de idade, a criança passa a ser propriedade do Estado! Cabe a nós decidir se menino será menina e vice-versa! Aos pais cabe acatar nossa decisão respeitosamente! Sabemos o que é melhor para as crianças! - Fernando Haddad (PT);FALSO;AGÊNCIA LUPA
446;A ONU disse que o pleito apresentado por Lula à entidade era legítimo, em razão da fragilidade da acusação contra ele - Fernando Haddad (PT);FALSO;AGÊNCIA LUPA
447;Cinco bancos, inclusive dois públicos, concentram mais de 80% do crédito - Fernando Haddad (PT);VERDADE;AGÊNCIA LUPA
448;Tasso Jereissati falou: ‘nós cometemos três erros: questionamos o resultado eleitoral. Aprovamos uma pauta em que nós não acreditávamos para prejudicar o PT. Embarcamos no governo Temer;VERDADE;AGÊNCIA LUPA
449;Jovem se esfaqueia para provar que facada de Bolsonaro foi falsa e acaba morrendo;FALSO;AGÊNCIA LUPA
450;Na época das eleições de 2016, o PT estava sozinho, na berlinda, enquanto todas as delações relativas ao PSDB, PP, PMDB estavam represadas - Fernando Haddad (PT);FALSO;AGÊNCIA LUPA
451;No dia do anúncio do resultado das eleições presidenciais de 2014 já havia contestação do resultado - Fernando Haddad (PT);FALSO;AGÊNCIA LUPA
452;Ao estourar a âncora cambial, FHC Provocou um rombo nas contas externas monumental - Fernando Haddad (PT);VERDADE;AGÊNCIA LUPA
453;O suspeito de esfaquear de Bolsonaro seria José Adélio Bispo de Oliveira, filiado ao PDT mineiro;FALSO;AGÊNCIA LUPA
454;Foto mostra o candidato que sofreu uma tentativa de homicídio entrando a pé no hospital;FALSO;AGÊNCIA LUPA
455;Adélio Bispo de Oliveira é o nome de quem tentou matar Jair Bolsonaro em Juiz de Fora. Ele é filiado ao Partido dos Trabalhadores;FALSO;AGÊNCIA LUPA
456;O criminoso que tentou matar Bolsonaro assessora a campanha de Dilma ao senado em Minas;FALSO;AGÊNCIA LUPA
457;Nós do Exército Brasileiro perdemos três jovens garotos para o crime agora - Jair Bolsonaro (PSL);VERDADE;AGÊNCIA LUPA
458;Não se consegue produzir um prego no Brasil e colocar de forma competitiva no Paraguai - Jair Bolsonaro (PSL);FALSO;AGÊNCIA LUPA
459;Nas últimas eleições para prefeito, o Datafolha último errou em 60 e tantos porcento - Jair Bolsonaro (PSL);FALSO;AGÊNCIA LUPA
460;O senhor Henrique Meirelles foi presidente do Banco Central por oito anos, depois foi para a JBS/Friboi - Jair Bolsonaro (PSL);VERDADE;AGÊNCIA LUPA
